"Url","SpacedQ_Count","AtoZ_Count","SpacedQ_Examples","AtoZ_Examples"
"https://beeplanetconnection.org/","3","0"," future generations. Latest from the Blog A Climate for Bees ? How shifting seasons affect blooms and honey flows. Inside | g seasons affect blooms and honey flows. Inside a Smart Hive ? Sensors and AI for earlier insights. Community Buzz ? Gras | t Hive ? Sensors and AI for earlier insights. Community Buzz ? Grassroots projects making a difference. Explore the blog ",""
"https://beeplanetconnection.org/about/","0","0","",""
"https://beeplanetconnection.org/blog/","3","0","es from the world of bees and beekeeping. A Climate for Bees ? How shifting seasons affect blooms and honey flows. Inside | g seasons affect blooms and honey flows. Inside a Smart Hive ? Sensors and AI for earlier insights. Community Buzz ? Gras | t Hive ? Sensors and AI for earlier insights. Community Buzz ? Grassroots projects making a difference. © 2025 Bee Planet",""
"https://beeplanetconnection.org/contact/","0","0","",""
"https://beeplanetconnection.org/directory/","3","0","ns, and research labs worldwide. From the Blog Inside COLOSS ? Scientists unite to protect bees worldwide. FAO in Action  |  ? Scientists unite to protect bees worldwide. FAO in Action ? How a UN programme supports beekeepers on the ground. Glob | rogramme supports beekeepers on the ground. Global Gathering ? Knowledge-sharing at Apimondia. Have an organisation to ad",""
"https://beeplanetconnection.org/forum/","0","0","",""
"https://beeplanetconnection.org/tools/","0","0","",""
"https://beeplanetconnection.org/wiki/","0","2","","esticides, biodiversity. Search tip: use the site search or A?Z for quick lookups. A?Z Index: Find terms from apiary to Var | . Search tip: use the site search or A?Z for quick lookups. A?Z Index: Find terms from apiary to Varroa."
"https://beeplanetconnection.org/wiki/colony-health/","0","0","",""
"https://beeplanetconnection.org/wiki/colony-health/cornerstone.html","0","0","",""
"https://beeplanetconnection.org/wiki/community-policy/","0","0","",""
"https://beeplanetconnection.org/wiki/community-policy/cornerstone.html","0","0","",""
"https://beeplanetconnection.org/wiki/data-sensing/","0","0","",""
"https://beeplanetconnection.org/wiki/data-sensing/cornerstone.html","0","0","",""
"https://beeplanetconnection.org/wiki/foundations/","0","0","",""
"https://beeplanetconnection.org/wiki/foundations/cornerstone.html","0","0","",""
"https://beeplanetconnection.org/wiki/operations/","0","0","",""
"https://beeplanetconnection.org/wiki/operations/cornerstone.html","0","0","",""
"https://beeplanetconnection.org/wiki/sustainability-environment/","0","0","",""
"https://beeplanetconnection.org/wiki/sustainability-environment/cornerstone.html","0","0","",""
