"Pillar","Title","Url","FilePath","HasMetaDescription","WordCount","IsStub"
"colony-health","Colony Health &mdash; Bee Planet Connection","/wiki/colony-health/","wiki\colony-health\index.html","True","45","True"
"colony-health","Keeping the Hive Healthy &mdash; Threats and Remedies &mdash; Bee Planet Connection","/wiki/colony-health/cornerstone.html","wiki\colony-health\cornerstone.html","True","124","True"
"community-policy","Community & Policy &mdash; Bee Planet Connection","/wiki/community-policy/","wiki\community-policy\index.html","True","44","True"
"community-policy","Beyond the Hive &mdash; Community, Rules and Ethics &mdash; Bee Planet Connection","/wiki/community-policy/cornerstone.html","wiki\community-policy\cornerstone.html","True","117","True"
"data-sensing","Data & Sensing &mdash; Bee Planet Connection","/wiki/data-sensing/","wiki\data-sensing\index.html","True","45","True"
"data-sensing","The Smart Hive &mdash; Using Technology and Data &mdash; Bee Planet Connection","/wiki/data-sensing/cornerstone.html","wiki\data-sensing\cornerstone.html","True","107","True"
"foundations","Foundations &mdash; Bee Planet Connection","/wiki/foundations/","wiki\foundations\index.html","True","42","True"
"foundations","The Basics of Bees and Beekeeping &mdash; Bee Planet Connection","/wiki/foundations/cornerstone.html","wiki\foundations\cornerstone.html","True","127","True"
"index.html","Wiki — Bee Planet Connection","/wiki/","wiki\index.html","False","444","False"
"operations","Operations &mdash; Bee Planet Connection","/wiki/operations/","wiki\operations\index.html","True","44","True"
"operations","A Year in the Apiary &mdash; Practices and Tips for Smooth Beekeeping &mdash; Bee Planet Connection","/wiki/operations/cornerstone.html","wiki\operations\cornerstone.html","True","126","True"
"sustainability-environment","Sustainability & Environment &mdash; Bee Planet Connection","/wiki/sustainability-environment/","wiki\sustainability-environment\index.html","True","45","True"
"sustainability-environment","Beekeeping in Balance &mdash; Environment and Stewardship &mdash; Bee Planet Connection","/wiki/sustainability-environment/cornerstone.html","wiki\sustainability-environment\cornerstone.html","True","108","True"
